Payment_ID,Tenant_UUID,Tenant_Name,Month_year,Rent_Paid_Date,Rent_Amount_Paid,Total_Rent_Amount,Rent_Amount_Due,Late_Payment
e3d61cbb-7180-4b43-87d8-efce729fc362,1,Sarah Torres,August_2023,2023-08-29,2072.46,2072.46,0.0,Y
39a73131-cd45-4127-b7cc-cb99bce0bf5a,1,Sarah Torres,September_2023,2023-09-25,2072.46,2072.46,0.0,N
44dd3e62-c25e-42b1-a6c8-041868c8c910,1,Sarah Torres,October_2023,2023-10-27,2072.46,2072.46,0.0,N
2ae4add8-7b70-4d11-b27a-3851258afa92,1,Sarah Torres,November_2023,2023-11-28,2072.46,2072.46,0.0,Y
d03391d8-7d5d-4f92-afe8-bf3d05940a83,1,Sarah Torres,December_2023,2023-12-26,2072.46,2072.46,0.0,N
b20c1932-46b7-470a-9b6a-77a3d7eb0213,1,Sarah Torres,January_2024,2024-01-23,2072.46,2072.46,0.0,N
7ca56025-1713-49f7-96c2-ef72ca3d41bd,1,Sarah Torres,February_2024,2024-02-28,2072.46,2072.46,0.0,Y
3d197886-e237-489c-9a56-c0ab6f5121df,2,Dorothy Smith,October_2023,2023-10-29,849.2,849.2,0.0,Y
99679251-cd81-42fb-b5f2-c9b499defad1,2,Dorothy Smith,November_2023,2023-11-21,849.2,849.2,0.0,N
fede4e9a-b9b2-42c1-b838-84f369e336d1,2,Dorothy Smith,December_2023,2023-12-29,849.2,849.2,0.0,Y
48ceee7e-3da1-41ac-be1b-deeeae53fec8,2,Dorothy Smith,January_2024,2024-01-26,849.2,849.2,0.0,N
df2ef98f-fdfb-431a-ac68-f74bf5c3204c,2,Dorothy Smith,February_2024,2024-02-22,849.2,849.2,0.0,N
4debd23e-ea2d-4c11-a900-cdaa35b312c1,2,Dorothy Smith,March_2024,2024-03-26,849.2,849.2,0.0,N
5d997dab-2b22-44ec-a90f-80c8174e6591,3,Stephanie Cruz,January_2023,2023-01-30,1861.35,1861.35,0.0,Y
4db234ab-968b-44a7-a914-8089d4d1f0af,3,Stephanie Cruz,February_2023,2023-02-27,1861.35,1861.35,0.0,N
5aef9cfd-adf8-4a04-88c7-8b0d05b6c06f,3,Stephanie Cruz,March_2023,2023-03-27,1861.35,1861.35,0.0,N
08fb4e91-eb69-4163-93fa-1afd25d3c7a1,3,Stephanie Cruz,April_2023,2023-04-25,1861.35,1861.35,0.0,N
ac15a509-0d04-488a-9507-8db934730372,3,Stephanie Cruz,May_2023,2023-05-29,1861.35,1861.35,0.0,Y
8f9b71f6-87e2-43e1-a8ce-0746a05a7482,3,Stephanie Cruz,June_2023,2023-06-27,1861.35,1861.35,0.0,N
2bd6d839-5b74-468a-9c29-a17b437a6c5b,3,Stephanie Cruz,July_2023,2023-07-25,1861.35,1861.35,0.0,N
7d96b098-3d9f-4d5a-98f1-ccc53debb5a6,3,Stephanie Cruz,August_2023,2023-08-23,1861.35,1861.35,0.0,N
7d7fbe9b-3aed-4099-88c4-28aa51318285,3,Stephanie Cruz,September_2023,2023-09-24,1861.35,1861.35,0.0,N
388a0f62-f8c5-4630-91bb-b98961b3c07e,3,Stephanie Cruz,October_2023,2023-10-28,1861.35,1861.35,0.0,Y
08edfeb2-e7c1-424a-abb4-220586c61ac0,3,Stephanie Cruz,November_2023,2023-11-22,1861.35,1861.35,0.0,N
64d6c73e-90e3-47f1-9d0d-fd02aab4b4cf,3,Stephanie Cruz,December_2023,2023-12-25,1861.35,1861.35,0.0,N
ac40d576-2ebb-469c-9e06-b487fe644bd7,3,Stephanie Cruz,January_2024,2024-01-30,1861.35,1861.35,0.0,Y
2295712a-fbc6-4109-8174-7c6ccf5461dd,3,Stephanie Cruz,February_2024,2024-02-24,1861.35,1861.35,0.0,N
81e9a84e-47d6-4c08-b5cb-ce86e37811ae,4,Jessica Morales,May_2023,2023-05-18,2047.92,2047.92,0.0,N
2c1885e5-38bd-4e63-9bdc-85bcb244c91b,4,Jessica Morales,June_2023,2023-06-12,2047.92,2047.92,0.0,N
1dc008ef-227c-45e2-b90f-a9167adf717c,4,Jessica Morales,July_2023,2023-07-04,2047.92,2047.92,0.0,N
a3bb0c3e-4991-414c-9d7c-d9fa5a52e113,4,Jessica Morales,August_2023,2023-08-26,2047.92,2047.92,0.0,N
8d355491-2690-4e23-9e3f-59d09456f3b8,4,Jessica Morales,September_2023,2023-09-13,2047.92,2047.92,0.0,N
8bdb7d5b-77e2-4c44-be0a-169389d4b25b,4,Jessica Morales,October_2023,2023-10-19,2047.92,2047.92,0.0,N
b624eaab-2a7c-4a8a-b371-3bf6f3a93186,4,Jessica Morales,October_2023,2023-10-31,2047.92,2047.92,0.0,Y
480de3ba-1c3b-49ea-b38b-7605a37dd24b,4,Jessica Morales,November_2023,2023-11-28,2047.92,2047.92,0.0,Y
6e042fd3-2d0d-41db-8061-c1eef33450ee,4,Jessica Morales,December_2023,2023-12-31,2047.92,2047.92,0.0,Y
714ad1f4-20ff-4ea2-8145-3921b7d41754,4,Jessica Morales,January_2024,2024-01-30,2047.92,2047.92,0.0,Y
e6289127-414e-49c4-8f8e-5cdd6c4ce271,4,Jessica Morales,February_2024,2024-02-28,2047.92,2047.92,0.0,Y
e4c53e68-80f4-4f18-a432-59348372f66e,5,Dorothy Baker,February_2023,2023-02-19,1668.8,1668.8,0.0,N
8f22cbf5-7bf3-4b1b-a58b-96161a7c9d93,5,Dorothy Baker,March_2023,2023-03-20,1668.8,1668.8,0.0,N
495b6759-baaa-43e7-9903-a563ee299cf1,5,Dorothy Baker,April_2023,2023-04-29,1668.8,1668.8,0.0,Y
dd4a66a7-91b5-4a58-900d-df4dec926da9,5,Dorothy Baker,May_2023,2023-05-23,1668.8,1668.8,0.0,N
6be6a029-b2b0-4121-aa5c-589c85532552,5,Dorothy Baker,June_2023,2023-06-18,1668.8,1668.8,0.0,N
7b86f912-7a01-4814-aaad-83c305f241cc,5,Dorothy Baker,July_2023,2023-07-21,1668.8,1668.8,0.0,N
b11c8fe1-56dd-4fb0-8d97-b24168afc8db,5,Dorothy Baker,August_2023,2023-08-29,1668.8,1668.8,0.0,Y
e121b474-3ac0-4d79-8585-b5f5b40d8f71,5,Dorothy Baker,September_2023,2023-09-24,1668.8,1668.8,0.0,N
580fce42-29ba-4c00-95e6-83a7e530f5a0,5,Dorothy Baker,October_2023,2023-10-29,1668.8,1668.8,0.0,Y
7cb484c7-da4d-4b3d-98d4-494f16dc026d,5,Dorothy Baker,November_2023,2023-11-13,1668.8,1668.8,0.0,N
b4dc821d-8526-4f79-ae9d-f34c65cc8c3e,5,Dorothy Baker,December_2023,2023-12-30,1668.8,1668.8,0.0,Y
8adb4cc6-5a0b-4a55-b424-2c990aac4d19,5,Dorothy Baker,January_2024,2024-01-12,1668.8,1668.8,0.0,N
9aefbd01-ceff-450f-a789-865777fbfa5c,5,Dorothy Baker,February_2024,2024-02-08,1668.8,1668.8,0.0,N
327bff32-90b2-4d78-84dd-e39825bdd254,5,Dorothy Baker,March_2024,2024-03-11,1668.8,1668.8,0.0,N
c62fd9ad-bba5-4603-9274-404d5213c2b1,6,Joshua Moore,December_2023,2023-12-27,2189.76,2189.76,0.0,N
2f3ffb1e-eff6-4b7d-818b-e63bd250fa1b,6,Joshua Moore,January_2024,2024-01-23,2189.76,2189.76,0.0,N
1fefb743-92fe-4928-9583-8305d158ce0d,6,Joshua Moore,February_2024,2024-02-25,2189.76,2189.76,0.0,N
8c1405d7-9e5e-4981-a8e3-4614be663302,7,Charles Anderson,June_2023,2023-06-28,1411.79,1411.79,0.0,Y
53652ec7-08b5-443f-8867-60627a08467b,7,Charles Anderson,July_2023,2023-07-28,1411.79,1411.79,0.0,Y
1de5895b-278f-46cd-a84e-8103ee267780,7,Charles Anderson,August_2023,2023-08-31,1411.79,1411.79,0.0,Y
ac3b71ab-d869-4904-a853-0e7ab8c8342e,7,Charles Anderson,September_2023,2023-09-30,1411.79,1411.79,0.0,Y
143d98af-d853-4e95-8d1b-c1c27e919bfd,7,Charles Anderson,October_2023,2023-10-26,1411.79,1411.79,0.0,N
d632b25f-18dd-4729-b51d-b4f789516040,7,Charles Anderson,November_2023,2023-11-27,1411.79,1411.79,0.0,N
7251b720-19ba-4d63-b1db-e422a8ea283e,7,Charles Anderson,December_2023,2023-12-26,1411.79,1411.79,0.0,N
22d4aeaf-a4e7-4ddd-8663-28e91c3a530a,7,Charles Anderson,January_2024,2024-01-26,1411.79,1411.79,0.0,N
c170d621-71ff-42d8-a18d-9ecb3a57ff0c,7,Charles Anderson,February_2024,2024-02-28,1411.79,1411.79,0.0,Y
7a53f193-b6b2-42fe-b2c0-ec24fcd6805d,8,Timothy Williams,August_2023,2023-08-29,1449.4,1449.4,0.0,Y
e147fd9f-4887-4cb0-aa45-679767de359f,8,Timothy Williams,September_2023,2023-09-29,1449.4,1449.4,0.0,Y
3b33ccce-f859-4b3b-9d37-d8accdce962a,8,Timothy Williams,October_2023,2023-10-29,1449.4,1449.4,0.0,Y
0b792e16-1382-4557-acbb-84eb47ba557d,8,Timothy Williams,November_2023,2023-11-30,1449.4,1449.4,0.0,Y
b473dbfc-2e2c-4861-a4d8-96cacc87fa62,8,Timothy Williams,December_2023,2023-12-24,1449.4,1449.4,0.0,N
08826899-e3fa-4757-bbca-5eee2a76c1ef,8,Timothy Williams,January_2024,2024-01-21,1449.4,1449.4,0.0,N
27b212d6-0491-451d-b658-a8bbd0ef9402,8,Timothy Williams,February_2024,2024-02-28,1449.4,1449.4,0.0,Y
07fa2c68-16cb-42fb-8495-7ea1802f13ee,9,Carol Young,January_2023,2023-01-23,1422.37,1422.37,0.0,N
b8069230-ea69-4761-84d6-457f534c05db,9,Carol Young,February_2023,2023-02-28,1422.37,1422.37,0.0,Y
b7fc2a02-c505-45ce-b84a-a68da59f2c4e,9,Carol Young,March_2023,2023-03-31,1422.37,1422.37,0.0,Y
881cc65f-b3a3-49cd-a8b1-59180724ca73,9,Carol Young,April_2023,2023-04-20,1422.37,1422.37,0.0,N
6ef84c82-73c3-4970-86fb-b54246745d99,9,Carol Young,May_2023,2023-05-26,1422.37,1422.37,0.0,N
92edea05-bdc2-4d15-8468-1bc0fa9ba95a,9,Carol Young,June_2023,2023-06-23,1422.37,1422.37,0.0,N
656ae064-d61b-4f7b-bc8a-7b43aff67800,9,Carol Young,July_2023,2023-07-22,1422.37,1422.37,0.0,N
dfa6c609-3a96-43dc-8d52-7ce8fde36b82,9,Carol Young,August_2023,2023-08-30,1422.37,1422.37,0.0,Y
403a0252-773a-4779-9504-664ae25c9805,9,Carol Young,September_2023,2023-09-22,1422.37,1422.37,0.0,N
4e993889-2593-42cc-97dd-46d3db4d8a01,9,Carol Young,October_2023,2023-10-29,1422.37,1422.37,0.0,Y
568cb67b-94c1-4c4d-87b6-db8f272ab5ad,9,Carol Young,November_2023,2023-11-24,1422.37,1422.37,0.0,N
3f451fcd-6845-408e-beda-94dd42052691,9,Carol Young,December_2023,2023-12-17,1422.37,1422.37,0.0,N
1e27c18d-a2ba-4285-b4cc-575f56bb4ed1,9,Carol Young,January_2024,2024-01-28,1422.37,1422.37,0.0,Y
185f62c8-3286-49fe-be2d-c6afe09a9317,9,Carol Young,February_2024,2024-02-23,1422.37,1422.37,0.0,N
44f21121-847e-447e-8974-3983f11aa6b0,9,Carol Young,March_2024,2024-03-28,1422.37,1422.37,0.0,Y
b3ec79ea-9642-4efe-91ca-dc70b78257a5,10,Barbara Jackson,June_2023,2023-06-26,1462.91,1462.91,0.0,N
10fb46f2-8e96-4633-81c5-4e74f612411c,10,Barbara Jackson,July_2023,2023-07-10,1462.91,1462.91,0.0,N
4c3072b2-aaf0-4579-820c-df4640876b0b,10,Barbara Jackson,August_2023,2023-08-18,1462.91,1462.91,0.0,N
2bd72309-05d7-46a2-8246-a7b35a0f2480,10,Barbara Jackson,September_2023,2023-09-11,1462.91,1462.91,0.0,N
d6be16c7-1912-493f-a405-a592fc836dc2,10,Barbara Jackson,October_2023,2023-10-30,1462.91,1462.91,0.0,Y
721b98e9-94a5-46c1-ac80-e60e207ebd19,10,Barbara Jackson,November_2023,2023-11-13,1462.91,1462.91,0.0,N
0af10a0f-193f-4276-931c-e405cb3a96e9,10,Barbara Jackson,December_2023,2023-12-12,1462.91,1462.91,0.0,N
21a1cb70-0412-4227-be3b-9d3f104dcfe6,10,Barbara Jackson,January_2024,2024-01-09,1462.91,1462.91,0.0,N
0b3b0cd2-7350-43a7-9674-47cc58ee1f27,10,Barbara Jackson,February_2024,2024-02-05,1462.91,1462.91,0.0,N
798d1cb0-47bb-40a3-aebf-10dfe81a6b4f,10,Barbara Jackson,March_2024,2024-03-14,1462.91,1462.91,0.0,N
c9352c7d-137f-42f4-ae3d-359b92aab953,11,Betty Lee,May_2023,2023-05-21,1296.66,1296.66,0.0,N
c1a493a7-c8ef-4363-bf25-c615de7fefc9,11,Betty Lee,June_2023,2023-06-30,1296.66,1296.66,0.0,Y
8a32d606-adb6-4ca9-8dd0-45fff5f900be,11,Betty Lee,July_2023,2023-07-22,1296.66,1296.66,0.0,N
c6558e5b-a193-403b-995a-c1a4ee1ad0ea,11,Betty Lee,August_2023,2023-08-26,1296.66,1296.66,0.0,N
45305e38-ae49-4572-bef6-065c8bd66cc2,11,Betty Lee,September_2023,2023-09-28,1296.66,1296.66,0.0,Y
811445d9-d8f6-47fb-b213-92b1134cbde9,11,Betty Lee,October_2023,2023-10-29,1296.66,1296.66,0.0,Y
8938a6e2-6910-49db-89ca-fea5b9e3c359,11,Betty Lee,November_2023,2023-11-30,1296.66,1296.66,0.0,Y
939b82d8-db31-49a5-b9b9-8ff4ff9cc9cc,11,Betty Lee,December_2023,2023-12-17,1296.66,1296.66,0.0,N
237392a8-b3ce-4a7a-83db-aa53d931f474,11,Betty Lee,January_2024,2024-01-21,1296.66,1296.66,0.0,N
59ec399c-9100-420d-afcf-815b90afa576,11,Betty Lee,February_2024,2024-02-19,1296.66,1296.66,0.0,N
ee1c406b-81a6-40cb-a68a-fb214a7d7b9c,11,Betty Lee,March_2024,2024-03-30,1296.66,1296.66,0.0,Y
651d1b03-d1f6-4fed-8a3e-6f9a2700bf1a,12,Richard Diaz,November_2023,2023-11-11,1493.06,1493.06,0.0,N
58525d65-2a59-4020-b2cd-f8d055502edd,12,Richard Diaz,December_2023,2023-12-12,1493.06,1493.06,0.0,N
c4006c02-fdb0-4d80-9f1f-12696851477c,12,Richard Diaz,December_2023,2023-12-31,1493.06,1493.06,0.0,Y
126b4067-903f-40a0-8a48-4f421b5b5be8,12,Richard Diaz,January_2024,2024-01-31,1493.06,1493.06,0.0,Y
73557b57-c40c-4912-9dc2-f0d5efd67fe1,12,Richard Diaz,February_2024,2024-02-28,1493.06,1493.06,0.0,Y
a415a1e0-cee2-4fdc-8b39-7c4e7514a456,13,Timothy Jackson,April_2023,2023-04-18,1390.26,1390.26,0.0,N
0fabaa24-5002-4f92-ad86-ab09415e3267,13,Timothy Jackson,May_2023,2023-05-17,1390.26,1390.26,0.0,N
13908447-0ffe-4d09-9990-4afa355ec142,13,Timothy Jackson,June_2023,2023-06-20,1390.26,1390.26,0.0,N
a9a02a33-ad30-4452-9e26-4283e3433a2f,13,Timothy Jackson,July_2023,2023-07-17,1390.26,1390.26,0.0,N
b41fd897-7803-43e7-a775-71fb261fb862,13,Timothy Jackson,August_2023,2023-08-31,1390.26,1390.26,0.0,Y
fb3fb254-cbf8-4c8f-be17-393bc525d30c,13,Timothy Jackson,September_2023,2023-09-23,1390.26,1390.26,0.0,N
c00b9536-0527-41b5-b781-b0a9203995de,13,Timothy Jackson,October_2023,2023-10-18,1390.26,1390.26,0.0,N
c31b7e33-94e9-4497-b3ab-c939ec0bc7b4,13,Timothy Jackson,November_2023,2023-11-25,1390.26,1390.26,0.0,N
ee0ed339-4d9d-4c61-b3a7-49b5d2f5abb7,13,Timothy Jackson,December_2023,2023-12-15,1390.26,1390.26,0.0,N
33a38a60-1670-4fc6-b942-7c4f6ad577c1,13,Timothy Jackson,January_2024,2024-01-17,1390.26,1390.26,0.0,N
2f439c6d-a203-4f8e-921e-c0dc6933b5fa,13,Timothy Jackson,February_2024,2024-02-24,1390.26,1390.26,0.0,N
2d497547-e748-49ec-976a-22e500531a0d,13,Timothy Jackson,March_2024,2024-03-25,1390.26,1390.26,0.0,N
4195f692-3f7f-4aeb-9f0e-394cc260825e,14,Jennifer Young,January_2023,2023-01-30,907.62,907.62,0.0,Y
b8549f5f-19e1-4752-8508-1d3ec5509e2e,14,Jennifer Young,February_2023,2023-02-28,907.62,907.62,0.0,Y
b2220c25-8da2-4dae-a51a-319216c51bb1,14,Jennifer Young,March_2023,2023-03-27,907.62,907.62,0.0,N
04e445b0-51c1-4aca-af9c-178c2d25d46a,14,Jennifer Young,April_2023,2023-04-21,907.62,907.62,0.0,N
78e84f45-6bd9-400c-8fb2-3f68521078a1,14,Jennifer Young,May_2023,2023-05-23,907.62,907.62,0.0,N
9e10ef72-2a7b-4aeb-ae9d-a44a6012d9ee,14,Jennifer Young,June_2023,2023-06-29,907.62,907.62,0.0,Y
4ec5ea5c-a3b9-4c48-81a5-25f8b20d35d7,14,Jennifer Young,July_2023,2023-07-20,907.62,907.62,0.0,N
deab2c07-c57e-4f81-8dfe-8eeeee8efb2b,14,Jennifer Young,August_2023,2023-08-18,907.62,907.62,0.0,N
cafbdbf8-c790-4e41-9d90-fa019a90c1ae,14,Jennifer Young,September_2023,2023-09-21,907.62,907.62,0.0,N
8544e7c8-17bb-4d08-873d-ce1058d65610,14,Jennifer Young,October_2023,2023-10-21,907.62,907.62,0.0,N
fb3c0677-c275-48ef-bdb1-825197584b38,14,Jennifer Young,November_2023,2023-11-22,907.62,907.62,0.0,N
b18d7bf5-41fe-46a0-89da-0bd587eba544,14,Jennifer Young,December_2023,2023-12-17,907.62,907.62,0.0,N
f3d3125f-47e4-420a-9f1c-b4d996d29fcf,14,Jennifer Young,January_2024,2024-01-17,907.62,907.62,0.0,N
64a89cbd-bcc4-486d-9a01-3caf9eba5cbc,14,Jennifer Young,February_2024,2024-02-13,907.62,907.62,0.0,N
0b63909a-036a-4b2e-b8e7-06b23ef14967,14,Jennifer Young,March_2024,2024-03-30,907.62,907.62,0.0,Y
816f21f3-efe7-4a2b-a206-3cb70451bd63,15,Charles Davis,March_2023,2023-03-09,1954.52,1954.52,0.0,N
343ba55c-55f2-48f6-a1f0-34750da176c8,15,Charles Davis,April_2023,2023-04-27,1954.52,1954.52,0.0,N
d2240b1c-8164-45b6-b642-9487da9cb4f8,15,Charles Davis,May_2023,2023-05-15,1954.52,1954.52,0.0,N
38da1d55-c57d-489c-8d72-0b1db597f630,15,Charles Davis,June_2023,2023-06-13,1954.52,1954.52,0.0,N
a2e5421a-a26e-4220-8be2-f55c1c2fd93f,15,Charles Davis,July_2023,2023-07-10,1954.52,1954.52,0.0,N
4ca0e85c-b1a3-4881-afd3-de1346ee6a26,15,Charles Davis,August_2023,2023-08-12,1954.52,1954.52,0.0,N
5ee44598-a3e7-4c60-a48c-46f10d18895c,15,Charles Davis,September_2023,2023-09-15,1954.52,1954.52,0.0,N
1555c1c3-d741-4a2f-a5b8-90ab264c4e92,15,Charles Davis,October_2023,2023-10-04,1954.52,1954.52,0.0,N
53c548cd-8812-42c8-962b-5850e9f98c58,15,Charles Davis,November_2023,2023-11-18,1954.52,1954.52,0.0,N
4c1cd4dd-5113-4a71-863c-8f5785b74a8d,15,Charles Davis,December_2023,2023-12-27,1954.52,1954.52,0.0,N
c8dc63c0-7a45-4c95-85ca-677ba79f5bf7,15,Charles Davis,December_2023,2023-12-31,1954.52,1954.52,0.0,Y
8d54195a-8b64-42bd-98bf-31448a4e3cb7,15,Charles Davis,January_2024,2024-01-30,1954.52,1954.52,0.0,Y
1c0f6f57-ed83-4af9-b39b-b1964162c764,15,Charles Davis,February_2024,2024-02-29,1954.52,1954.52,0.0,Y
93d00328-88f8-4a2d-a23a-fe70470aa3bb,16,Brenda Thompson,August_2023,2023-08-18,1742.93,1742.93,0.0,N
10cb08b4-acbc-4adb-ae0c-f228b9951196,16,Brenda Thompson,August_2023,2023-08-31,1742.93,1742.93,0.0,Y
1047a8c1-3946-4b9c-9529-2e28b963a31d,16,Brenda Thompson,September_2023,2023-09-30,1742.93,1742.93,0.0,Y
6a69b3a5-a08b-4afe-a537-28755fc7a9b8,16,Brenda Thompson,October_2023,2023-10-31,1742.93,1742.93,0.0,Y
7a8d55e7-1d7c-4748-b890-f0dbfe8b34ac,16,Brenda Thompson,November_2023,2023-11-28,1742.93,1742.93,0.0,Y
99806db2-6ea6-4564-8f03-e93e462b3ed2,16,Brenda Thompson,December_2023,2023-12-29,1742.93,1742.93,0.0,Y
270c2732-9c19-4cdd-9c66-27c0dfbc71dd,16,Brenda Thompson,January_2024,2024-01-30,1742.93,1742.93,0.0,Y
d1bf3b78-ee5b-463e-98f8-ece28b68be9c,16,Brenda Thompson,February_2024,2024-02-28,1742.93,1742.93,0.0,Y
72af518c-7b19-4196-aedc-79c69c6b471e,17,Eric Garcia,October_2023,2023-10-21,2071.17,2071.17,0.0,N
19e48ec3-72c4-4a0c-988c-4deaea088aaa,17,Eric Garcia,November_2023,2023-11-26,2071.17,2071.17,0.0,N
7ff5cf27-5582-4723-b846-871c754264dc,17,Eric Garcia,December_2023,2023-12-28,2071.17,2071.17,0.0,Y
43ad9b9c-c3da-4226-94fa-5b51e86b1a0e,17,Eric Garcia,January_2024,2024-01-28,2071.17,2071.17,0.0,Y
892592d1-b7af-41b3-a4c8-19c289878bf7,17,Eric Garcia,February_2024,2024-02-13,2071.17,2071.17,0.0,N
d12c9ae7-fa57-41a6-9ff8-76e07562c9b3,17,Eric Garcia,March_2024,2024-03-26,2071.17,2071.17,0.0,N
4d65f3ef-eb1a-42b7-9159-26468b268897,18,Michelle Robinson,June_2023,2023-06-30,953.88,953.88,0.0,Y
307eaf2d-4643-4f8c-b14a-9e8e440a4e9f,18,Michelle Robinson,July_2023,2023-07-26,953.88,953.88,0.0,N
75597b7a-0d66-4e12-a72a-9077b79b1a93,18,Michelle Robinson,August_2023,2023-08-28,953.88,953.88,0.0,Y
11a43780-8cf3-4b07-9b51-59ddc2e0f5f0,18,Michelle Robinson,September_2023,2023-09-28,953.88,953.88,0.0,Y
77bc7a2d-0b4e-4395-975a-e0fec557a753,18,Michelle Robinson,October_2023,2023-10-23,953.88,953.88,0.0,N
314b53af-12c7-42b1-afa6-193d702822e8,18,Michelle Robinson,November_2023,2023-11-25,953.88,953.88,0.0,N
a234c929-2d1a-490e-9956-ba154a4cb9d2,18,Michelle Robinson,December_2023,2023-12-25,953.88,953.88,0.0,N
021df49c-99d9-485f-a146-e1dd039702e6,18,Michelle Robinson,January_2024,2024-01-25,953.88,953.88,0.0,N
32a73866-f7ea-403d-a0c2-41b6155b2e63,18,Michelle Robinson,February_2024,2024-02-23,953.88,953.88,0.0,N
1aab8971-f460-4af1-8819-1fb0af264879,19,Mary Ramirez,February_2023,2023-02-28,1944.91,1944.91,0.0,Y
0b7c871c-50ac-452a-94bd-4a8e98ca5829,19,Mary Ramirez,March_2023,2023-03-30,1944.91,1944.91,0.0,Y
e4eae590-b1bf-4b2b-82cc-7600811148ce,19,Mary Ramirez,April_2023,2023-04-30,1944.91,1944.91,0.0,Y
b34e876f-56cc-4752-8b3e-49d873471612,19,Mary Ramirez,May_2023,2023-05-30,1944.91,1944.91,0.0,Y
9aaa6519-b6db-4bff-801e-9f54115f50ef,19,Mary Ramirez,June_2023,2023-06-30,1944.91,1944.91,0.0,Y
a997565c-7aaa-4293-98ad-83954aca6361,19,Mary Ramirez,July_2023,2023-07-31,1944.91,1944.91,0.0,Y
f07f42a2-c36b-4450-afe3-6d8714fc5fd4,19,Mary Ramirez,August_2023,2023-08-27,1944.91,1944.91,0.0,N
3c0f0d76-6e04-4f27-9586-16b664a8823c,19,Mary Ramirez,September_2023,2023-09-29,1944.91,1944.91,0.0,Y
f3d95e93-0a4d-4627-86e0-8ab2b595fe00,19,Mary Ramirez,October_2023,2023-10-29,1944.91,1944.91,0.0,Y
d702c595-68e1-4457-bf61-0bee18e9c14b,19,Mary Ramirez,November_2023,2023-11-29,1944.91,1944.91,0.0,Y
eb0860c6-d715-4089-abd0-95fe7bb28274,19,Mary Ramirez,December_2023,2023-12-29,1944.91,1944.91,0.0,Y
973a5e2a-369b-4687-85ae-9666a1efb947,19,Mary Ramirez,January_2024,2024-01-24,1944.91,1944.91,0.0,N
11dd1caa-7128-4e1b-9ee1-5375d506c26a,19,Mary Ramirez,February_2024,2024-02-25,1944.91,1944.91,0.0,N
64e0cd6a-eb77-4166-8677-b00ef300b2cd,20,Kimberly Davis,May_2023,2023-05-26,1458.41,1458.41,0.0,N
d52e9f83-919c-40c6-bb6e-ac743f38d5f3,20,Kimberly Davis,June_2023,2023-06-22,1458.41,1458.41,0.0,N
1d1a2b59-d846-4086-bb45-910eae6e3ffc,20,Kimberly Davis,July_2023,2023-07-30,1458.41,1458.41,0.0,Y
e5f2fdb1-172e-42f0-a5a6-34ceab0dfcef,20,Kimberly Davis,August_2023,2023-08-20,1458.41,1458.41,0.0,N
11ad0bcf-3b40-46ac-8a71-06c96e5d3709,20,Kimberly Davis,September_2023,2023-09-21,1458.41,1458.41,0.0,N
c171a91d-6f27-46b2-96e6-4f723862e4c0,20,Kimberly Davis,October_2023,2023-10-19,1458.41,1458.41,0.0,N
633f3421-c265-4b2e-ba3f-d57882d92def,20,Kimberly Davis,November_2023,2023-11-27,1458.41,1458.41,0.0,N
e2e73003-ca4b-441d-9507-8d053d25cb34,20,Kimberly Davis,December_2023,2023-12-19,1458.41,1458.41,0.0,N
8243c364-8944-41c0-99b8-87c7a9395f30,20,Kimberly Davis,January_2024,2024-01-30,1458.41,1458.41,0.0,Y
3cb86e56-e46a-4b9b-8e53-c17b65908377,20,Kimberly Davis,February_2024,2024-02-28,1458.41,1458.41,0.0,Y
427b6e9b-b2f7-497e-9134-312663f49667,21,Barbara Perez,November_2023,2023-11-28,1501.52,1501.52,0.0,Y
243812ff-05fb-4588-a852-b51aaf6c549e,21,Barbara Perez,December_2023,2023-12-27,1501.52,1501.52,0.0,N
f7225aa1-7b23-4f2a-abdd-881fae74f231,21,Barbara Perez,January_2024,2024-01-30,1501.52,1501.52,0.0,Y
f5d03999-9bee-4b04-82b4-c37ea630a225,21,Barbara Perez,February_2024,2024-02-29,1501.52,1501.52,0.0,Y
ec0386c6-31ab-43a5-b3a2-0003b9e65a19,22,Anthony Rogers,January_2023,2023-01-24,1772.45,1772.45,0.0,N
54e51de8-3c7c-4c99-83ad-60496b1904e3,22,Anthony Rogers,February_2023,2023-02-28,1772.45,1772.45,0.0,Y
be13659c-d8e8-4fe0-bd66-8c258d431750,22,Anthony Rogers,March_2023,2023-03-21,1772.45,1772.45,0.0,N
882a5eff-a083-40db-bdb1-7fd6f9c36198,22,Anthony Rogers,April_2023,2023-04-29,1772.45,1772.45,0.0,Y
55d40fab-114c-45ad-ba51-a0bce8f83db7,22,Anthony Rogers,May_2023,2023-05-22,1772.45,1772.45,0.0,N
643ca5d7-dbd7-41ae-8dfc-0f74bacecfc3,22,Anthony Rogers,June_2023,2023-06-20,1772.45,1772.45,0.0,N
13de54dc-8501-454d-b074-02a354cb5837,22,Anthony Rogers,July_2023,2023-07-27,1772.45,1772.45,0.0,N
79ee65b6-c91d-45d7-9c98-6f0016aa8ee4,22,Anthony Rogers,August_2023,2023-08-17,1772.45,1772.45,0.0,N
e640cdcf-3ae5-4d84-8235-6a09a3029aa6,22,Anthony Rogers,September_2023,2023-09-29,1772.45,1772.45,0.0,Y
08b7d496-8dbc-4135-b6fa-de944dd1020f,22,Anthony Rogers,October_2023,2023-10-31,1772.45,1772.45,0.0,Y
6b65e83a-68f1-430b-8387-8ce4e072fb7b,22,Anthony Rogers,November_2023,2023-11-26,1772.45,1772.45,0.0,N
59076b24-750e-471a-933b-37d8ddef46c6,22,Anthony Rogers,December_2023,2023-12-20,1772.45,1772.45,0.0,N
a936bbd2-0416-45b0-85dd-6428d3383420,22,Anthony Rogers,January_2024,2024-01-23,1772.45,1772.45,0.0,N
c260832c-3d8a-406b-8b7f-33930f3ea88a,22,Anthony Rogers,February_2024,2024-02-13,1772.45,1772.45,0.0,N
0803452d-9a11-415f-afa6-d8786732aa9d,22,Anthony Rogers,March_2024,2024-03-26,1772.45,1772.45,0.0,N
6e5de157-8156-4212-8053-fb9f05be2024,23,Mark Flores,October_2023,2023-10-14,1109.59,1109.59,0.0,N
29c5f973-239e-4e77-b191-6fd7538abb46,23,Mark Flores,November_2023,2023-11-14,1109.59,1109.59,0.0,N
a56857fe-ed97-4372-8074-6a431aaafe70,23,Mark Flores,December_2023,2023-12-26,1109.59,1109.59,0.0,N
19eee2e7-3c81-4069-a831-102622a70d45,23,Mark Flores,January_2024,2024-01-18,1109.59,1109.59,0.0,N
fba48984-3de0-4eb4-9e5b-7bf15b1dd450,23,Mark Flores,February_2024,2024-02-08,1109.59,1109.59,0.0,N
e1ead47e-05b8-467e-8779-2c287797c5b0,23,Mark Flores,March_2024,2024-03-28,1109.59,1109.59,0.0,Y
575bf923-ad14-466e-b61a-ac1f4a0a7123,24,Charles Morgan,September_2023,2023-09-27,2113.1,2113.1,0.0,N
d6d177bc-2af8-41d0-9bb7-17131dedf81a,24,Charles Morgan,October_2023,2023-10-24,2113.1,2113.1,0.0,N
c1d6c344-c81a-478b-a923-a39f6d4e3f52,24,Charles Morgan,November_2023,2023-11-28,2113.1,2113.1,0.0,Y
dafde326-8776-4405-b9a3-8f498d4d69e7,24,Charles Morgan,December_2023,2023-12-23,2113.1,2113.1,0.0,N
40845f12-08d3-4bd7-ab5a-80e0e3bf4d3d,24,Charles Morgan,January_2024,2024-01-16,2113.1,2113.1,0.0,N
a0dc50e1-da25-42c9-8a64-8573584357fd,24,Charles Morgan,February_2024,2024-02-22,2113.1,2113.1,0.0,N
e60b68d4-0392-48cf-98e5-bac35e75a3db,25,Kenneth Smith,October_2023,2023-10-29,1119.8,1119.8,0.0,Y
36879d3b-9691-4419-84a5-1791da46c173,25,Kenneth Smith,November_2023,2023-11-10,1119.8,1119.8,0.0,N
08f7a5a3-aec3-42aa-9d97-b1031e84f796,25,Kenneth Smith,December_2023,2023-12-20,1119.8,1119.8,0.0,N
6f6f9a16-ef44-4d94-adc7-5d0edfbbdef9,25,Kenneth Smith,January_2024,2024-01-27,1119.8,1119.8,0.0,N
5a077b45-50a3-4a8a-a7b9-7edaf2544bc4,25,Kenneth Smith,February_2024,2024-02-28,1119.8,1119.8,0.0,Y
6d5dd0ba-8a7e-4f38-a55e-e23ac19d8027,25,Kenneth Smith,March_2024,2024-03-25,1119.8,1119.8,0.0,N
1857dc89-be64-4e00-b102-7be732dac5ca,26,Ryan Perez,September_2023,2023-09-28,1811.75,1811.75,0.0,Y
33efafbe-75c1-456c-b43f-45e64c99f315,26,Ryan Perez,October_2023,2023-10-31,1811.75,1811.75,0.0,Y
e9c92dc9-170f-4d98-b78b-382e1056b409,26,Ryan Perez,November_2023,2023-11-30,1811.75,1811.75,0.0,Y
f13d6cf2-9266-435c-92e4-b6cbb8c15311,26,Ryan Perez,December_2023,2023-12-31,1811.75,1811.75,0.0,Y
7fc772c4-6621-48f7-89d9-b8aff81dbfaf,26,Ryan Perez,January_2024,2024-01-31,1811.75,1811.75,0.0,Y
343340b2-2afe-4e11-8618-095966d43cba,26,Ryan Perez,February_2024,2024-02-27,1811.75,1811.75,0.0,N
e47f1776-a2a9-4a39-a009-bfa61ec84937,27,Edward Cook,March_2023,2023-03-19,1575.53,1575.53,0.0,N
6488d7f1-11fe-4520-9665-6faf46e5cb05,27,Edward Cook,April_2023,2023-04-28,1575.53,1575.53,0.0,Y
c3387747-8576-46cc-b086-2ee29639dc83,27,Edward Cook,May_2023,2023-05-29,1575.53,1575.53,0.0,Y
0a7b1396-512d-4592-a313-d24e54965cba,27,Edward Cook,June_2023,2023-06-29,1575.53,1575.53,0.0,Y
6fea4347-1abf-4317-b5cb-cf34f9d60e4f,27,Edward Cook,July_2023,2023-07-28,1575.53,1575.53,0.0,Y
80ca41c6-2450-4e54-a9e7-b064b3507c51,27,Edward Cook,August_2023,2023-08-29,1575.53,1575.53,0.0,Y
78231825-d028-4741-b992-a8da0f8901e6,27,Edward Cook,September_2023,2023-09-16,1575.53,1575.53,0.0,N
741104e0-4636-43b3-abce-2802e51bb648,27,Edward Cook,October_2023,2023-10-31,1575.53,1575.53,0.0,Y
c4d24a04-c0f4-4908-af6f-dd6d26c3b08c,27,Edward Cook,November_2023,2023-11-22,1575.53,1575.53,0.0,N
d55f81d0-6b83-4e3b-abaf-fce29d7b90fd,27,Edward Cook,December_2023,2023-12-30,1575.53,1575.53,0.0,Y
55484095-f2c3-41de-a0c1-adccf3da2a52,27,Edward Cook,January_2024,2024-01-22,1575.53,1575.53,0.0,N
77a772cd-14d8-4402-bec2-26e58ed7fc31,27,Edward Cook,February_2024,2024-02-13,1575.53,1575.53,0.0,N
045b0d21-8505-4001-8e28-bbb370ee7e81,27,Edward Cook,March_2024,2024-03-27,1575.53,1575.53,0.0,N
2401a2a5-2e00-47a4-b146-f7f0e4b38a60,28,Ryan Johnson,August_2023,2023-08-13,1057.07,1057.07,0.0,N
4c92a93e-65e8-4bd8-8f9a-50dfc46cccf7,28,Ryan Johnson,September_2023,2023-09-28,1057.07,1057.07,0.0,Y
7db2b660-8b0a-4846-86eb-318c798ab485,28,Ryan Johnson,October_2023,2023-10-11,1057.07,1057.07,0.0,N
35f903e2-a524-427a-879a-86d57a0b8d1e,28,Ryan Johnson,November_2023,2023-11-27,1057.07,1057.07,0.0,N
bc755bd7-4810-440d-9863-575c14c92dec,28,Ryan Johnson,December_2023,2023-12-06,1057.07,1057.07,0.0,N
8088fc77-1003-4820-9ae2-dff78cdf2436,28,Ryan Johnson,December_2023,2023-12-31,1057.07,1057.07,0.0,Y
2263e7c4-1651-4d27-9555-9bbd8b0d8a91,28,Ryan Johnson,January_2024,2024-01-30,1057.07,1057.07,0.0,Y
e02b1302-e054-4ed2-831a-d4f7a14c6191,28,Ryan Johnson,February_2024,2024-02-28,1057.07,1057.07,0.0,Y
7198ee0f-b62d-4db9-a78c-00018969f723,29,Emma Jackson,May_2023,2023-05-19,1535.65,1535.65,0.0,N
921f2b78-0d8e-48fe-844d-37856fac7b9e,29,Emma Jackson,June_2023,2023-06-21,1535.65,1535.65,0.0,N
7a8f3f49-6ad9-4c4e-b47c-077c36b58647,29,Emma Jackson,July_2023,2023-07-20,1535.65,1535.65,0.0,N
1d6587a3-b47c-4d2e-941e-60a8ffe18da4,29,Emma Jackson,August_2023,2023-08-29,1535.65,1535.65,0.0,Y
b011cd24-99c2-40f5-ab71-8a06a2b850cb,29,Emma Jackson,September_2023,2023-09-13,1535.65,1535.65,0.0,N
b426bf1a-ce9a-41ab-8762-19bf85f1146a,29,Emma Jackson,October_2023,2023-10-27,1535.65,1535.65,0.0,N
b4ed3a16-3b01-4238-8d23-46c5f8ecd7a2,29,Emma Jackson,November_2023,2023-11-12,1535.65,1535.65,0.0,N
079ce535-212d-4a80-ae07-c762c6a4b77f,29,Emma Jackson,December_2023,2023-12-31,1535.65,1535.65,0.0,Y
09216ffd-197a-4dda-a0e0-e7b4c4dd66dc,29,Emma Jackson,January_2024,2024-01-11,1535.65,1535.65,0.0,N
b5124661-1c3d-4e79-9fe7-76efb3cb12ab,29,Emma Jackson,February_2024,2024-02-22,1535.65,1535.65,0.0,N
b5aa306e-9cbb-4346-b0d3-53c99de12e20,29,Emma Jackson,March_2024,2024-03-30,1535.65,1535.65,0.0,Y
f6ae01ef-7a59-4438-bda8-2beb6075931a,30,Daniel Evans,October_2023,2023-10-14,1882.18,1882.18,0.0,N
b9415c74-e49d-4cc3-8088-fe5b540372bc,30,Daniel Evans,November_2023,2023-11-25,1882.18,1882.18,0.0,N
6c48ee1d-07e6-45de-8239-1589179fe622,30,Daniel Evans,December_2023,2023-12-09,1882.18,1882.18,0.0,N
5f164f8f-2952-43cc-abde-f417112b06ac,30,Daniel Evans,January_2024,2024-01-13,1882.18,1882.18,0.0,N
9523c243-7796-4007-866e-5ef98bfd0bda,30,Daniel Evans,February_2024,2024-02-16,1882.18,1882.18,0.0,N
5b45e2d1-a058-40cd-91d9-d6fc37e4442d,30,Daniel Evans,March_2024,2024-03-17,1882.18,1882.18,0.0,N
768030b6-1c1b-42f7-b566-60e049958088,31,Sharon Ortiz,June_2023,2023-06-15,1264.56,1264.56,0.0,N
b5de9a52-674f-41e8-843e-a5ad457c7df0,31,Sharon Ortiz,July_2023,2023-07-11,1264.56,1264.56,0.0,N
bd9d4a7b-7a2c-4d47-a0c6-67a87442316d,31,Sharon Ortiz,August_2023,2023-08-11,1264.56,1264.56,0.0,N
8bbc81f3-8e52-4d77-a2cb-7276d476e3b6,31,Sharon Ortiz,September_2023,2023-09-14,1264.56,1264.56,0.0,N
272c420c-0c06-40b1-8cea-a9be32a81796,31,Sharon Ortiz,October_2023,2023-10-28,1264.56,1264.56,0.0,Y
04ab2e59-e0ed-4e22-b9c2-13efdbb758b2,31,Sharon Ortiz,November_2023,2023-11-30,1264.56,1264.56,0.0,Y
41fec865-df6e-493e-8aa1-382f2af9039e,31,Sharon Ortiz,December_2023,2023-12-29,1264.56,1264.56,0.0,Y
4d7112d4-afed-418e-968f-bdea92e9501f,31,Sharon Ortiz,January_2024,2024-01-31,1264.56,1264.56,0.0,Y
86f85092-b683-41ab-99f5-39686d11f631,31,Sharon Ortiz,February_2024,2024-02-18,1264.56,1264.56,0.0,N
24836ced-ef85-4bba-bf83-38bf38f840cf,31,Sharon Ortiz,March_2024,2024-03-07,1264.56,1264.56,0.0,N
157e8f73-2f93-40ca-98a3-31ddee7470d5,32,Timothy Jones,August_2023,2023-08-30,1525.98,1525.98,0.0,Y
7dc021bc-ef2a-4220-a6f4-29b268160481,32,Timothy Jones,September_2023,2023-09-18,1525.98,1525.98,0.0,N
458ca410-b54d-40fe-b8c2-6344a976f0ea,32,Timothy Jones,October_2023,2023-10-30,1525.98,1525.98,0.0,Y
729b26c1-0e20-44a4-ac60-d041046e314a,32,Timothy Jones,November_2023,2023-11-26,1525.98,1525.98,0.0,N
c1c19300-5cbe-4734-ad4d-1b469665949a,32,Timothy Jones,December_2023,2023-12-29,1525.98,1525.98,0.0,Y
6648005c-36f5-4c63-8808-5d3c9ff3f56d,32,Timothy Jones,January_2024,2024-01-22,1525.98,1525.98,0.0,N
f13b788d-af71-4371-935e-2d9a66f9df67,32,Timothy Jones,February_2024,2024-02-29,1525.98,1525.98,0.0,Y
260cfb53-fc45-4ec5-aa64-700e3e6f8c38,32,Timothy Jones,March_2024,2024-03-26,1525.98,1525.98,0.0,N
61a93696-90af-4533-958f-b69ed99ef4af,33,Linda Campbell,February_2023,2023-02-17,1567.8,1567.8,0.0,N
f21dacbe-10ee-40d2-b193-571228b8551f,33,Linda Campbell,March_2023,2023-03-22,1567.8,1567.8,0.0,N
9ab42033-2568-4d6a-b6cc-f7a473d943f7,33,Linda Campbell,April_2023,2023-04-28,1567.8,1567.8,0.0,Y
cbc48b75-0655-4d69-88a7-5f0431c7c4fc,33,Linda Campbell,May_2023,2023-05-17,1567.8,1567.8,0.0,N
9c702142-98e1-434d-afe4-1d4a0e934850,33,Linda Campbell,June_2023,2023-06-25,1567.8,1567.8,0.0,N
b62ac87d-6e57-4f58-ab7d-1202d02f44d2,33,Linda Campbell,July_2023,2023-07-31,1567.8,1567.8,0.0,Y
08e21eab-1edc-474e-bea0-047461a88f98,33,Linda Campbell,August_2023,2023-08-30,1567.8,1567.8,0.0,Y
14784092-ed13-4980-8369-d330df190e76,33,Linda Campbell,September_2023,2023-09-17,1567.8,1567.8,0.0,N
4b04c77e-a311-4839-b2fa-725c0871de34,33,Linda Campbell,October_2023,2023-10-21,1567.8,1567.8,0.0,N
d5d0450f-324f-41e2-a100-1ab203eff08b,33,Linda Campbell,November_2023,2023-11-21,1567.8,1567.8,0.0,N
2aa99cd1-a6fb-4535-bd5f-c5ca51bef710,33,Linda Campbell,December_2023,2023-12-29,1567.8,1567.8,0.0,Y
985bd5b3-d01c-44ee-b5f4-157537a8f73d,33,Linda Campbell,January_2024,2024-01-15,1567.8,1567.8,0.0,N
7686aea0-29b6-4230-a743-bba66b0903d4,33,Linda Campbell,February_2024,2024-02-18,1567.8,1567.8,0.0,N
9f7eb9e0-e559-40ba-b647-0776be84bd07,33,Linda Campbell,March_2024,2024-03-20,1567.8,1567.8,0.0,N
4521e217-b718-43c4-a9a7-befb5f68d207,34,Donna Walker,October_2023,2023-10-21,1215.84,1215.84,0.0,N
7ad9fc8a-7d44-42f2-8a55-8372186159c2,34,Donna Walker,November_2023,2023-11-09,1215.84,1215.84,0.0,N
5db6675c-8507-4893-a137-c2dca43b7b2d,34,Donna Walker,December_2023,2023-12-25,1215.84,1215.84,0.0,N
2da6dacb-0e6c-4a20-b854-725c58be0aaf,34,Donna Walker,January_2024,2024-01-12,1215.84,1215.84,0.0,N
b85bd527-944e-4c9c-9783-05ba5397ab90,34,Donna Walker,February_2024,2024-02-15,1215.84,1215.84,0.0,N
e3e2cd9b-88b5-471d-b805-06d17f3306b5,34,Donna Walker,March_2024,2024-03-30,1215.84,1215.84,0.0,Y
9090c13b-d2f0-4d45-b21a-9b8f89bff508,35,Robert Rodriguez,January_2023,2023-01-25,1728.13,1728.13,0.0,N
28f1c4fe-98a7-4726-b571-cd6158d68aa1,35,Robert Rodriguez,February_2023,2023-02-20,1728.13,1728.13,0.0,N
f6e8da4c-edaf-4b82-8ee0-d6cc479ac532,35,Robert Rodriguez,March_2023,2023-03-29,1728.13,1728.13,0.0,Y
702008ad-516b-4ff3-bf34-931e9d87d385,35,Robert Rodriguez,April_2023,2023-04-27,1728.13,1728.13,0.0,N
730481f1-1dc5-443e-bef3-cc1454b9b502,35,Robert Rodriguez,May_2023,2023-05-31,1728.13,1728.13,0.0,Y
815ec1fe-86af-43bb-beeb-e0665c91dd24,35,Robert Rodriguez,June_2023,2023-06-19,1728.13,1728.13,0.0,N
bc0fef48-68ab-49ec-a633-c84f38efb6e6,35,Robert Rodriguez,July_2023,2023-07-17,1728.13,1728.13,0.0,N
87e6d59e-2eca-40e5-b792-d56e280df8f3,35,Robert Rodriguez,August_2023,2023-08-17,1728.13,1728.13,0.0,N
aee0deb6-c42c-42fb-9eaa-cb9ed36402a4,35,Robert Rodriguez,September_2023,2023-09-26,1728.13,1728.13,0.0,N
3e6f0e10-b309-424c-a3a8-1407785b9892,35,Robert Rodriguez,October_2023,2023-10-23,1728.13,1728.13,0.0,N
4c65e5a3-9cfc-4f51-9d0f-61be5ac6f3d1,35,Robert Rodriguez,November_2023,2023-11-20,1728.13,1728.13,0.0,N
85a9d6a8-7269-4874-809f-5c03afd9fc01,35,Robert Rodriguez,December_2023,2023-12-19,1728.13,1728.13,0.0,N
e8b6214d-cedb-4d50-ba6b-5da5ac9ab806,35,Robert Rodriguez,January_2024,2024-01-22,1728.13,1728.13,0.0,N
a23739ae-4320-40c8-80ff-70bd1de18f1f,35,Robert Rodriguez,February_2024,2024-02-14,1728.13,1728.13,0.0,N
640bd6a2-f566-4dca-9e5e-21a0f3fb2323,35,Robert Rodriguez,March_2024,2024-03-23,1728.13,1728.13,0.0,N
38c096f0-1e93-4158-aa35-7a9d6b664773,36,Jonathan Morgan,October_2023,2023-10-31,1761.22,1761.22,0.0,Y
ca43dfa2-976d-45ff-9aea-64466999c47b,36,Jonathan Morgan,November_2023,2023-11-28,1761.22,1761.22,0.0,Y
081e254c-71de-4861-84b7-7f841bfd8ae8,36,Jonathan Morgan,December_2023,2023-12-28,1761.22,1761.22,0.0,Y
ca9a4491-721e-49f7-b931-20b9ee0ccffb,36,Jonathan Morgan,January_2024,2024-01-30,1761.22,1761.22,0.0,Y
cab914b6-da17-4fde-b123-0c922a189c60,36,Jonathan Morgan,February_2024,2024-02-26,1761.22,1761.22,0.0,N
f951f6a2-fcbd-4f98-ae1c-70cfca0aa006,37,Richard Reyes,August_2023,2023-08-11,1896.4,1896.4,0.0,N
2b9d9f75-37c2-4852-870b-9573805b98e2,37,Richard Reyes,September_2023,2023-09-21,1896.4,1896.4,0.0,N
0a5d3d4b-ce09-4d37-b55f-efd3668ad245,37,Richard Reyes,October_2023,2023-10-16,1896.4,1896.4,0.0,N
38d4a03e-91dc-4345-8d49-22830e71d88b,37,Richard Reyes,November_2023,2023-11-23,1896.4,1896.4,0.0,N
1b847037-3281-4e5c-b877-8bc6a5a1b82f,37,Richard Reyes,December_2023,2023-12-28,1896.4,1896.4,0.0,Y
6331131d-e8ed-45f9-9f1d-eeb9b93d1338,37,Richard Reyes,January_2024,2024-01-28,1896.4,1896.4,0.0,Y
196ffdb2-e482-4d33-b926-83c427873674,37,Richard Reyes,February_2024,2024-02-22,1896.4,1896.4,0.0,N
bc9fb53b-4049-43c5-95fe-424a06e88571,37,Richard Reyes,March_2024,2024-03-14,1896.4,1896.4,0.0,N
7b2b2ac3-9cce-48eb-a050-ae29a266663a,38,David Green,December_2023,2023-12-16,939.2,939.2,0.0,N
29e58195-30d1-4f76-b346-2dff5bf04a81,38,David Green,January_2024,2024-01-26,939.2,939.2,0.0,N
90449b1e-7c54-47c9-bcc7-b8e29ef5c622,38,David Green,February_2024,2024-02-25,939.2,939.2,0.0,N
14941169-68ec-4bb3-a075-da1ebe81fd09,38,David Green,March_2024,2024-03-17,939.2,939.2,0.0,N
24fb42b7-1f0f-445f-a38f-1a9227f86f42,39,Emily Harris,July_2023,2023-07-27,1121.32,1121.32,0.0,N
c61380fa-870e-40da-b412-a2ef28fc9d87,39,Emily Harris,August_2023,2023-08-23,1121.32,1121.32,0.0,N
b6fd7e87-101e-445c-b0d4-4c29b4f35017,39,Emily Harris,September_2023,2023-09-22,1121.32,1121.32,0.0,N
d2a4eb1b-7478-4cc1-a2ba-fb433eeb0b75,39,Emily Harris,October_2023,2023-10-30,1121.32,1121.32,0.0,Y
f873af97-7cad-4981-b138-46b3e06a35c7,39,Emily Harris,November_2023,2023-11-28,1121.32,1121.32,0.0,Y
a779bf4b-fb0f-4b1f-a32a-941cd14f2e83,39,Emily Harris,December_2023,2023-12-21,1121.32,1121.32,0.0,N
d922a224-df6a-41d9-a65c-b57e8f5fc1a7,39,Emily Harris,January_2024,2024-01-20,1121.32,1121.32,0.0,N
78039105-a4de-45c8-ae4d-818bcf710045,39,Emily Harris,February_2024,2024-02-24,1121.32,1121.32,0.0,N
44842b2a-7c25-4fc4-8ccc-193280f386a6,40,Jacob Cooper,December_2023,2023-12-16,1580.52,1580.52,0.0,N
29cf2255-3c10-40c8-9bc3-a8577d2ec817,40,Jacob Cooper,January_2024,2024-01-31,1580.52,1580.52,0.0,Y
b4424ec0-30ab-4273-9a7f-f28cc6051d9d,40,Jacob Cooper,February_2024,2024-02-20,1580.52,1580.52,0.0,N
ccba0047-7491-4eab-bbce-d6a82560dcfe,40,Jacob Cooper,March_2024,2024-03-19,1580.52,1580.52,0.0,N
c564b643-70bb-4227-a79c-1f8386e05eaa,41,Nancy Thomas,May_2023,2023-05-23,2022.11,2022.11,0.0,N
53cda317-74a5-47a4-aeda-ed0d58f83a89,41,Nancy Thomas,June_2023,2023-06-21,2022.11,2022.11,0.0,N
2c076d96-16ec-4a41-986a-54dc4b2bb0fe,41,Nancy Thomas,July_2023,2023-07-22,2022.11,2022.11,0.0,N
c498d281-92e9-4be7-8303-9609fd209cbb,41,Nancy Thomas,August_2023,2023-08-15,2022.11,2022.11,0.0,N
ce820b6f-8db7-481f-a522-807bdc80184c,41,Nancy Thomas,September_2023,2023-09-18,2022.11,2022.11,0.0,N
21f9c06b-cccb-4cc6-a0b8-76bf7e9e08a5,41,Nancy Thomas,October_2023,2023-10-25,2022.11,2022.11,0.0,N
7858e24e-c6de-4b34-a77f-24562ba09e7d,41,Nancy Thomas,November_2023,2023-11-12,2022.11,2022.11,0.0,N
ef0aeb8c-7d7b-4dfe-9b98-a8843b0f55f2,41,Nancy Thomas,December_2023,2023-12-16,2022.11,2022.11,0.0,N
d85ffb3c-d874-49e9-8aff-9ef995f69ed6,41,Nancy Thomas,January_2024,2024-01-19,2022.11,2022.11,0.0,N
585dc86f-1a72-4934-84c2-6aa68866ba6d,41,Nancy Thomas,February_2024,2024-02-11,2022.11,2022.11,0.0,N
f03f4d8b-455c-4fc0-9c8a-6dfc2b3740ad,41,Nancy Thomas,March_2024,2024-03-23,2022.11,2022.11,0.0,N
26fa877f-23dc-49b9-b1b8-323b0d236855,42,Joshua Garcia,September_2023,2023-09-17,1938.18,1938.18,0.0,N
699be662-a13d-4eb5-b26c-585eef562fcc,42,Joshua Garcia,October_2023,2023-10-17,1938.18,1938.18,0.0,N
765ae4d6-6a05-42a5-a349-604c7e82b029,42,Joshua Garcia,November_2023,2023-11-18,1938.18,1938.18,0.0,N
2d51d054-8a01-411d-86ca-0e5b154d0300,42,Joshua Garcia,December_2023,2023-12-20,1938.18,1938.18,0.0,N
9671c541-d582-49a7-8dd8-755f33aae7d4,42,Joshua Garcia,January_2024,2024-01-20,1938.18,1938.18,0.0,N
bce77bed-1bdc-46dc-a67a-eeb4f6e8fe1c,42,Joshua Garcia,February_2024,2024-02-23,1938.18,1938.18,0.0,N
e2645c21-06cc-48ab-9ceb-3d0b5c027463,42,Joshua Garcia,March_2024,2024-03-30,1938.18,1938.18,0.0,Y
90831931-ac2a-412e-b6c1-6e7d53648e14,43,Kenneth Ortiz,September_2023,2023-09-30,1250.1,1250.1,0.0,Y
9dccfc08-5633-4f4e-bdfb-9c13dca3e442,43,Kenneth Ortiz,October_2023,2023-10-30,1250.1,1250.1,0.0,Y
03d2f2be-87b5-4910-8188-abaf68dd4466,43,Kenneth Ortiz,November_2023,2023-11-27,1250.1,1250.1,0.0,N
b57302e6-3da6-44bd-8362-a209f15cec61,43,Kenneth Ortiz,December_2023,2023-12-30,1250.1,1250.1,0.0,Y
27872d77-4306-4d82-9dc9-33c49ed7b83e,43,Kenneth Ortiz,January_2024,2024-01-28,1250.1,1250.1,0.0,Y
80d7ad16-a2f7-4d99-b03c-9b6d1c94dcbe,43,Kenneth Ortiz,February_2024,2024-02-29,1250.1,1250.1,0.0,Y
5766e1e3-bf32-4349-9a04-e40469b92e10,44,Matthew King,May_2023,2023-05-18,1647.44,1647.44,0.0,N
dad72887-8abf-403c-89d1-b1cde0a173b3,44,Matthew King,June_2023,2023-06-16,1647.44,1647.44,0.0,N
ee471e0a-7e71-4286-a247-20ecf97455fa,44,Matthew King,July_2023,2023-07-31,1647.44,1647.44,0.0,Y
3f80dc9d-8331-4a28-a490-9c1dae09a6b6,44,Matthew King,August_2023,2023-08-27,1647.44,1647.44,0.0,N
41d20af3-1557-420f-a57f-e04006c85b4d,44,Matthew King,September_2023,2023-09-28,1647.44,1647.44,0.0,Y
168cb2b2-1d88-43c2-bac6-1315ab869929,44,Matthew King,October_2023,2023-10-25,1647.44,1647.44,0.0,N
022f2bba-597e-40af-b1a4-7f77dac2a0c4,44,Matthew King,November_2023,2023-11-13,1647.44,1647.44,0.0,N
3b65da7d-aa66-4eb2-8779-d77ea0cc6fd9,44,Matthew King,December_2023,2023-12-22,1647.44,1647.44,0.0,N
c3db7bad-56fb-40c5-b7b6-441f87f16945,44,Matthew King,January_2024,2024-01-17,1647.44,1647.44,0.0,N
d83e86a4-92e2-42dd-b7b7-af815f23f672,44,Matthew King,February_2024,2024-02-28,1647.44,1647.44,0.0,Y
51d77ffb-977c-48e5-a7e8-4f088b0389af,44,Matthew King,March_2024,2024-03-10,1647.44,1647.44,0.0,N
04597672-1b6b-4999-aaee-c106adbf041f,45,Deborah Wright,June_2023,2023-06-27,951.86,951.86,0.0,N
bab0e52c-97c3-4842-a8ce-68f49a3aaf71,45,Deborah Wright,July_2023,2023-07-20,951.86,951.86,0.0,N
5a7de0a0-5611-4544-a718-a89a068b2888,45,Deborah Wright,August_2023,2023-08-15,951.86,951.86,0.0,N
82cfcbf1-8350-43b6-8d80-7c401738a407,45,Deborah Wright,September_2023,2023-09-18,951.86,951.86,0.0,N
8ac80274-ddc3-4259-83b8-a1a0d2670ab6,45,Deborah Wright,October_2023,2023-10-22,951.86,951.86,0.0,N
f6e57038-c039-4800-ae85-4db3668b3a6a,45,Deborah Wright,November_2023,2023-11-19,951.86,951.86,0.0,N
4af4f2d7-1259-4de1-a2d6-505e76c966fd,45,Deborah Wright,December_2023,2023-12-24,951.86,951.86,0.0,N
ca9f2b0e-99ed-48a7-9903-eba7196d9e0d,45,Deborah Wright,January_2024,2024-01-19,951.86,951.86,0.0,N
14b19c55-0720-4cb1-a1ea-6e64ffc37932,45,Deborah Wright,February_2024,2024-02-13,951.86,951.86,0.0,N
1a3bb486-909d-4b4b-9b7e-fbed177e54e6,45,Deborah Wright,March_2024,2024-03-31,951.86,951.86,0.0,Y
8e9b9c9f-114e-43b4-b8c2-8522ccda00d7,46,Daniel Rivera,July_2023,2023-07-28,1481.0,1481.0,0.0,Y
c6c14205-c6cb-427d-965f-ce80d6c3e5e0,46,Daniel Rivera,August_2023,2023-08-18,1481.0,1481.0,0.0,N
4d1d0cc8-72aa-41e1-b576-db422c1f93cd,46,Daniel Rivera,September_2023,2023-09-27,1481.0,1481.0,0.0,N
50557ef3-ea83-45ea-8c10-38afdfc54300,46,Daniel Rivera,October_2023,2023-10-16,1481.0,1481.0,0.0,N
2bc7c45f-916e-4bde-b49e-1f963352a831,46,Daniel Rivera,November_2023,2023-11-25,1481.0,1481.0,0.0,N
d7c0e7dc-1705-41aa-8987-23af7a187150,46,Daniel Rivera,December_2023,2023-12-21,1481.0,1481.0,0.0,N
6bba6b38-52ba-445d-af73-dba903c9b08c,46,Daniel Rivera,January_2024,2024-01-23,1481.0,1481.0,0.0,N
5659f4a9-afed-41df-82f8-109773059ef6,46,Daniel Rivera,February_2024,2024-02-19,1481.0,1481.0,0.0,N
7fc0c4b7-4ea5-42e9-9ae2-3a04028a1940,46,Daniel Rivera,March_2024,2024-03-17,1481.0,1481.0,0.0,N
7cbdf94b-9805-463f-9e4e-61be22dd8e74,47,Brian Peterson,July_2023,2023-07-28,1992.16,1992.16,0.0,Y
65773d37-151c-4b05-9e60-c9048121ca60,47,Brian Peterson,August_2023,2023-08-31,1992.16,1992.16,0.0,Y
b07d917a-75da-4047-81c7-f1d9273223af,47,Brian Peterson,September_2023,2023-09-27,1992.16,1992.16,0.0,N
cfb1caa3-2617-4f46-ade2-741d21dbdf46,47,Brian Peterson,October_2023,2023-10-30,1992.16,1992.16,0.0,Y
5db89e7a-ebc1-478d-a331-e3211ca4152e,47,Brian Peterson,November_2023,2023-11-29,1992.16,1992.16,0.0,Y
95c739f2-bcef-40f0-8313-5a527a60913e,47,Brian Peterson,December_2023,2023-12-28,1992.16,1992.16,0.0,Y
eae3062d-c0b7-456a-9953-37f8d919dd8c,47,Brian Peterson,January_2024,2024-01-26,1992.16,1992.16,0.0,N
dc50214a-6abe-49a6-b435-4f197e05630d,47,Brian Peterson,February_2024,2024-02-27,1992.16,1992.16,0.0,N
d0f7f2db-6730-4a2a-abe3-27c161b5c81b,48,Donna Allen,March_2023,2023-03-23,884.23,884.23,0.0,N
34cc8c94-d236-4408-ae41-6209638a358f,48,Donna Allen,April_2023,2023-04-25,884.23,884.23,0.0,N
42007be3-4e52-4db7-9555-005328ceead6,48,Donna Allen,May_2023,2023-05-22,884.23,884.23,0.0,N
58677858-3fcc-498d-950f-b78d621a0086,48,Donna Allen,June_2023,2023-06-24,884.23,884.23,0.0,N
5f95cb05-c6b7-4b18-a478-d2c6684b84a6,48,Donna Allen,July_2023,2023-07-17,884.23,884.23,0.0,N
6a0701f6-44b2-4126-9b15-b12b21cdcca8,48,Donna Allen,August_2023,2023-08-30,884.23,884.23,0.0,Y
46617fb5-1e0b-4d04-9913-eda451ed095a,48,Donna Allen,September_2023,2023-09-19,884.23,884.23,0.0,N
0d868e79-b74b-4fb3-b125-5b6b150cc809,48,Donna Allen,October_2023,2023-10-13,884.23,884.23,0.0,N
c3cbc967-6d80-478f-9b89-b317f2d09534,48,Donna Allen,November_2023,2023-11-28,884.23,884.23,0.0,Y
4d2d41a6-ab2e-4223-8052-e9386dd53337,48,Donna Allen,December_2023,2023-12-22,884.23,884.23,0.0,N
514e2a30-56d1-4747-938a-2921e74176cd,48,Donna Allen,January_2024,2024-01-22,884.23,884.23,0.0,N
ff9615f8-3e56-4b4d-b2ea-eb3843baf086,48,Donna Allen,February_2024,2024-02-27,884.23,884.23,0.0,N
0b1cceab-9076-4ca7-bf29-d5c88cb2bc69,48,Donna Allen,March_2024,2024-03-16,884.23,884.23,0.0,N
64854e2e-6d62-4f62-ab05-9bea70e017f2,49,Eric Flores,October_2023,2023-10-30,848.84,848.84,0.0,Y
fe0d8b56-34d8-4c06-b785-23ee9b77ec27,49,Eric Flores,November_2023,2023-11-30,848.84,848.84,0.0,Y
39ce3496-84ea-4729-b690-7cb69cbe63f1,49,Eric Flores,December_2023,2023-12-30,848.84,848.84,0.0,Y
0f76f60c-66a0-41c2-900b-ba5ea090e1da,49,Eric Flores,January_2024,2024-01-31,848.84,848.84,0.0,Y
a6e18be6-4b4a-4224-ac12-f24b9fbb95d9,49,Eric Flores,February_2024,2024-02-28,848.84,848.84,0.0,Y
1f1e7eb6-ade6-4a99-b378-558dd0554338,50,Brenda Reyes,July_2023,2023-07-28,968.09,968.09,0.0,Y
c996be58-f019-412a-80b7-87f3e1a9561a,50,Brenda Reyes,August_2023,2023-08-23,968.09,968.09,0.0,N
fd23a1f8-af6b-422d-86ec-6b394639e326,50,Brenda Reyes,September_2023,2023-09-23,968.09,968.09,0.0,N
0b11c13a-4910-4d78-9ec3-f8a6720cd647,50,Brenda Reyes,October_2023,2023-10-24,968.09,968.09,0.0,N
7f3da88f-2ecb-4c23-81d1-fadaf07f91d9,50,Brenda Reyes,November_2023,2023-11-28,968.09,968.09,0.0,Y
6abff79e-f365-4a43-972f-054ad8e78b97,50,Brenda Reyes,December_2023,2023-12-25,968.09,968.09,0.0,N
cab50338-593b-4409-a422-d9f3606a328a,50,Brenda Reyes,January_2024,2024-01-20,968.09,968.09,0.0,N
07f6863e-47ea-4c4f-ab43-a11b53107b6c,50,Brenda Reyes,February_2024,2024-02-26,968.09,968.09,0.0,N
